product_name,short_description,long_description,stock_levels,category,images
Pay or Die,est quam pharetra magna ac consequat metus sapien ut nunc vestibulum ante ipsum primis in,facilisi cras non velit nec nisi vulputate nonummy maecenas tincidunt lacus at velit vivamus vel nulla eget eros elementum pellentesque quisque porta volutpat erat quisque erat eros viverra eget congue eget semper rutrum nulla nunc purus phasellus in felis donec,12,Crime,http://dummyimage.com/142x100.png/ff4444/ffffff
Hocus Pocus,ut dolor morbi vel lectus in quam fringilla rhoncus mauris enim,orci luctus et ultrices posuere cubilia curae donec pharetra magna vestibulum aliquet ultrices erat tortor sollicitudin mi sit amet lobortis sapien sapien non mi integer ac neque duis bibendum morbi non quam nec dui luctus rutrum,9,Children|Comedy|Fantasy|Horror,http://dummyimage.com/167x100.png/ff4444/ffffff
Rob the Mob,nec condimentum neque sapien placerat ante nulla justo aliquam quis turpis eget elit sodales,montes nascetur ridiculus mus etiam vel augue vestibulum rutrum rutrum neque aenean auctor gravida sem praesent id massa id nisl venenatis lacinia aenean sit amet justo morbi ut odio cras mi,12,Crime|Drama,http://dummyimage.com/132x100.png/dddddd/000000
"First Deadly Sin, The",justo aliquam quis turpis eget elit sodales scelerisque mauris sit amet eros suspendisse accumsan tortor,sodales scelerisque mauris sit amet eros suspendisse accumsan tortor quis turpis sed ante vivamus tortor duis mattis egestas metus aenean fermentum donec ut mauris eget massa tempor convallis nulla neque libero,5,Thriller,http://dummyimage.com/159x100.png/dddddd/000000
History of Postwar Japan as Told by a Bar Hostess (Nippon Sengoshi - Madamu onboro no Seikatsu),nisi eu orci mauris lacinia sapien quis libero nullam sit amet turpis,viverra diam vitae quam suspendisse potenti nullam porttitor lacus at turpis donec posuere metus vitae ipsum aliquam non mauris morbi non lectus aliquam sit amet diam in magna bibendum imperdiet nullam orci,5,Documentary,http://dummyimage.com/231x100.png/dddddd/000000
My Fellow Americans,metus arcu adipiscing molestie hendrerit at vulputate vitae nisl aenean lectus pellentesque,dis parturient montes nascetur ridiculus mus vivamus vestibulum sagittis sapien cum sociis natoque penatibus et magnis dis parturient montes nascetur ridiculus mus etiam vel augue vestibulum rutrum rutrum neque aenean auctor gravida sem praesent id massa id nisl venenatis lacinia aenean sit amet justo,28,Comedy,http://dummyimage.com/168x100.png/cc0000/ffffff
The Studio Murder Mystery,nullam molestie nibh in lectus pellentesque at nulla suspendisse potenti,luctus et ultrices posuere cubilia curae duis faucibus accumsan odio curabitur convallis duis consequat dui nec nisi volutpat eleifend donec ut dolor morbi vel lectus in quam fringilla rhoncus mauris enim leo rhoncus sed vestibulum sit,1,Mystery,http://dummyimage.com/194x100.png/5fa2dd/ffffff
Goal II: Living the Dream,congue vivamus metus arcu adipiscing molestie hendrerit at vulputate vitae nisl aenean lectus,vestibulum ac est lacinia nisi venenatis tristique fusce congue diam id ornare imperdiet sapien urna pretium nisl ut volutpat sapien arcu sed augue aliquam erat volutpat in congue etiam justo etiam pretium iaculis justo,28,Action|Drama,http://dummyimage.com/148x100.png/dddddd/000000
"Last Valley, The",eu massa donec dapibus duis at velit eu est congue elementum in,luctus et ultrices posuere cubilia curae donec pharetra magna vestibulum aliquet ultrices erat tortor sollicitudin mi sit amet lobortis sapien sapien non mi integer ac neque duis bibendum morbi non quam nec dui luctus rutrum nulla tellus,42,Adventure,http://dummyimage.com/160x100.png/dddddd/000000
Heartbreak Hotel,at turpis donec posuere metus vitae ipsum aliquam non mauris morbi non,id turpis integer aliquet massa id lobortis convallis tortor risus dapibus augue vel accumsan tellus nisi eu orci mauris lacinia sapien quis libero nullam sit amet turpis elementum ligula vehicula consequat morbi a ipsum integer a nibh in quis,46,Comedy,http://dummyimage.com/134x100.png/5fa2dd/ffffff
St. Elmo's Fire,rutrum rutrum neque aenean auctor gravida sem praesent id massa id nisl,turpis a pede posuere nonummy integer non velit donec diam neque vestibulum eget vulputate ut ultrices vel augue vestibulum ante ipsum primis in faucibus orci luctus et ultrices posuere cubilia curae donec pharetra magna vestibulum aliquet ultrices erat tortor sollicitudin mi sit amet lobortis sapien sapien non mi,22,Drama|Romance,http://dummyimage.com/197x100.png/cc0000/ffffff
"Dog, The",eros suspendisse accumsan tortor quis turpis sed ante vivamus tortor duis mattis egestas metus aenean,rhoncus mauris enim leo rhoncus sed vestibulum sit amet cursus id turpis integer aliquet massa id lobortis convallis tortor risus dapibus augue vel accumsan tellus nisi eu orci mauris lacinia sapien quis libero nullam sit amet turpis elementum ligula vehicula consequat morbi,17,Documentary,http://dummyimage.com/192x100.png/cc0000/ffffff
Silent Hill: Revelation 3D,diam in magna bibendum imperdiet nullam orci pede venenatis non sodales sed tincidunt eu felis fusce posuere felis,dignissim vestibulum vestibulum ante ipsum primis in faucibus orci luctus et ultrices posuere cubilia curae nulla dapibus dolor vel est donec odio justo sollicitudin ut suscipit a feugiat et eros,28,Horror|Mystery|Thriller,http://dummyimage.com/250x100.png/dddddd/000000
Shenandoah,ante ipsum primis in faucibus orci luctus et ultrices posuere,potenti cras in purus eu magna vulputate luctus cum sociis natoque penatibus et magnis dis parturient montes nascetur ridiculus mus vivamus vestibulum sagittis sapien cum sociis natoque penatibus et magnis dis parturient montes nascetur,43,Documentary,http://dummyimage.com/219x100.png/ff4444/ffffff
"Wedding Night, The",quis augue luctus tincidunt nulla mollis molestie lorem quisque ut,maecenas tristique est et tempus semper est quam pharetra magna ac consequat metus sapien ut nunc vestibulum ante ipsum primis in faucibus orci luctus et ultrices posuere cubilia curae mauris viverra diam vitae quam suspendisse potenti nullam porttitor lacus at turpis donec,30,Drama|Romance,http://dummyimage.com/161x100.png/dddddd/000000
"Visitor, The (Muukalainen)",vulputate elementum nullam varius nulla facilisi cras non velit nec nisi,erat nulla tempus vivamus in felis eu sapien cursus vestibulum proin eu mi nulla ac enim in tempor turpis nec euismod scelerisque quam turpis adipiscing lorem vitae mattis nibh ligula nec,12,Drama|Mystery,http://dummyimage.com/210x100.png/cc0000/ffffff
My Tutor,quam pede lobortis ligula sit amet eleifend pede libero quis orci nullam molestie,ligula vehicula consequat morbi a ipsum integer a nibh in quis justo maecenas rhoncus aliquam lacus morbi quis tortor id nulla ultrices aliquet maecenas leo odio condimentum id luctus nec molestie sed justo pellentesque viverra pede ac diam cras pellentesque volutpat dui maecenas tristique est,20,Drama,http://dummyimage.com/112x100.png/5fa2dd/ffffff
The Fountain,velit eu est congue elementum in hac habitasse platea dictumst morbi vestibulum velit,eget vulputate ut ultrices vel augue vestibulum ante ipsum primis in faucibus orci luctus et ultrices posuere cubilia curae donec pharetra magna vestibulum aliquet ultrices erat tortor sollicitudin mi sit amet lobortis sapien sapien non mi integer ac neque,3,Comedy,http://dummyimage.com/191x100.png/cc0000/ffffff
Escape Plan,id consequat in consequat ut nulla sed accumsan felis ut at dolor quis odio consequat varius,aliquam erat volutpat in congue etiam justo etiam pretium iaculis justo in hac habitasse platea dictumst etiam faucibus cursus urna ut tellus nulla ut erat id mauris vulputate elementum nullam,28,Action|Mystery|Thriller,http://dummyimage.com/239x100.png/cc0000/ffffff
Catacombs,nisl nunc rhoncus dui vel sem sed sagittis nam congue risus semper porta volutpat quam,metus aenean fermentum donec ut mauris eget massa tempor convallis nulla neque libero convallis eget eleifend luctus ultricies eu nibh quisque id justo sit amet sapien dignissim vestibulum vestibulum ante,14,Horror|Thriller,http://dummyimage.com/138x100.png/ff4444/ffffff
K.G. (Karate Girl),justo lacinia eget tincidunt eget tempus vel pede morbi porttitor lorem id ligula suspendisse ornare,eget eros elementum pellentesque quisque porta volutpat erat quisque erat eros viverra eget congue eget semper rutrum nulla nunc purus phasellus in felis donec semper sapien a libero nam dui proin leo odio porttitor id consequat in consequat ut,3,Action,http://dummyimage.com/220x100.png/dddddd/000000
London to Brighton,integer aliquet massa id lobortis convallis tortor risus dapibus augue vel accumsan tellus nisi,nisi nam ultrices libero non mattis pulvinar nulla pede ullamcorper augue a suscipit nulla elit ac nulla sed vel enim sit amet nunc viverra dapibus nulla suscipit ligula in lacus curabitur at ipsum ac tellus semper interdum mauris ullamcorper purus,26,Crime|Drama|Thriller,http://dummyimage.com/208x100.png/cc0000/ffffff
Officer Down,nam ultrices libero non mattis pulvinar nulla pede ullamcorper augue a suscipit,sit amet justo morbi ut odio cras mi pede malesuada in imperdiet et commodo vulputate justo in blandit ultrices enim lorem ipsum dolor sit amet consectetuer adipiscing elit proin interdum mauris non,28,Crime|Drama,http://dummyimage.com/149x100.png/cc0000/ffffff
"Dance of Reality, The (Danza de la realidad, La)",amet lobortis sapien sapien non mi integer ac neque duis bibendum,vestibulum rutrum rutrum neque aenean auctor gravida sem praesent id massa id nisl venenatis lacinia aenean sit amet justo morbi ut odio cras mi pede malesuada in imperdiet et commodo vulputate justo in blandit ultrices enim lorem ipsum dolor,29,Drama|Fantasy,http://dummyimage.com/231x100.png/dddddd/000000
We Feed the World,non sodales sed tincidunt eu felis fusce posuere felis sed lacus morbi sem,massa volutpat convallis morbi odio odio elementum eu interdum eu tincidunt in leo maecenas pulvinar lobortis est phasellus sit amet erat nulla tempus vivamus in felis eu sapien cursus vestibulum proin eu mi nulla,42,Documentary,http://dummyimage.com/101x100.png/ff4444/ffffff
Berberian Sound Studio,sit amet turpis elementum ligula vehicula consequat morbi a ipsum integer,tempor turpis nec euismod scelerisque quam turpis adipiscing lorem vitae mattis nibh ligula nec sem duis aliquam convallis nunc proin at turpis a pede posuere nonummy integer non velit donec diam neque vestibulum eget vulputate ut ultrices vel augue vestibulum ante ipsum primis,33,Drama|Horror|Thriller,http://dummyimage.com/117x100.png/dddddd/000000
Morning of the Earth,luctus rutrum nulla tellus in sagittis dui vel nisl duis ac nibh fusce lacus,lorem integer tincidunt ante vel ipsum praesent blandit lacinia erat vestibulum sed magna at nunc commodo placerat praesent blandit nam nulla integer pede justo lacinia eget tincidunt eget tempus vel pede morbi porttitor lorem id ligula suspendisse ornare consequat lectus in est risus auctor sed tristique,43,Documentary,http://dummyimage.com/155x100.png/cc0000/ffffff
Creep,nonummy maecenas tincidunt lacus at velit vivamus vel nulla eget,donec quis orci eget orci vehicula condimentum curabitur in libero ut massa volutpat convallis morbi odio odio elementum eu interdum eu tincidunt in leo maecenas pulvinar lobortis est phasellus sit amet erat nulla tempus vivamus in felis eu sapien cursus vestibulum proin eu mi nulla ac enim in tempor turpis,31,Horror|Thriller,http://dummyimage.com/214x100.png/ff4444/ffffff
Mickey's Twice Upon a Christmas,amet sapien dignissim vestibulum vestibulum ante ipsum primis in faucibus orci luctus,integer pede justo lacinia eget tincidunt eget tempus vel pede morbi porttitor lorem id ligula suspendisse ornare consequat lectus in est risus auctor sed tristique in tempus sit amet sem fusce consequat nulla nisl nunc nisl duis bibendum felis sed interdum,44,Animation|Children|Comedy,http://dummyimage.com/156x100.png/5fa2dd/ffffff
"Pleasure Party (Partie de plaisir, Une) (Piece of Pleasure, A)",maecenas rhoncus aliquam lacus morbi quis tortor id nulla ultrices aliquet maecenas leo odio condimentum id,pede morbi porttitor lorem id ligula suspendisse ornare consequat lectus in est risus auctor sed tristique in tempus sit amet sem fusce consequat nulla nisl nunc nisl duis bibendum felis sed interdum venenatis turpis enim blandit mi in porttitor,42,Drama,http://dummyimage.com/140x100.png/5fa2dd/ffffff
Stag,eget elit sodales scelerisque mauris sit amet eros suspendisse accumsan tortor quis turpis sed ante vivamus tortor,sit amet turpis elementum ligula vehicula consequat morbi a ipsum integer a nibh in quis justo maecenas rhoncus aliquam lacus morbi quis tortor id nulla ultrices aliquet maecenas leo odio condimentum id luctus nec molestie,16,Action|Thriller,http://dummyimage.com/155x100.png/ff4444/ffffff
Nina Frisk,quam sollicitudin vitae consectetuer eget rutrum at lorem integer tincidunt ante vel ipsum,massa tempor convallis nulla neque libero convallis eget eleifend luctus ultricies eu nibh quisque id justo sit amet sapien dignissim vestibulum vestibulum ante ipsum primis in faucibus orci luctus et ultrices posuere cubilia curae,46,Comedy|Drama,http://dummyimage.com/218x100.png/dddddd/000000
"Hudsucker Proxy, The",est et tempus semper est quam pharetra magna ac consequat metus sapien ut nunc vestibulum ante ipsum primis,eu magna vulputate luctus cum sociis natoque penatibus et magnis dis parturient montes nascetur ridiculus mus vivamus vestibulum sagittis sapien cum sociis natoque penatibus et magnis dis parturient montes nascetur ridiculus mus etiam vel augue vestibulum rutrum rutrum neque aenean auctor gravida sem praesent,12,Comedy,http://dummyimage.com/132x100.png/5fa2dd/ffffff
Five Card Stud (a.k.a. 5 Card Stud),condimentum id luctus nec molestie sed justo pellentesque viverra pede ac diam cras pellentesque volutpat dui,in ante vestibulum ante ipsum primis in faucibus orci luctus et ultrices posuere cubilia curae duis faucibus accumsan odio curabitur convallis duis consequat dui nec nisi volutpat eleifend donec ut dolor morbi,25,Mystery|Western,http://dummyimage.com/190x100.png/dddddd/000000
Surviving Desire,nisl nunc nisl duis bibendum felis sed interdum venenatis turpis enim blandit mi in porttitor,porttitor pede justo eu massa donec dapibus duis at velit eu est congue elementum in hac habitasse platea dictumst morbi vestibulum velit id pretium iaculis diam erat fermentum justo nec,45,Comedy|Drama|Romance,http://dummyimage.com/193x100.png/5fa2dd/ffffff
Helsinki Napoli All Night Long,ut odio cras mi pede malesuada in imperdiet et commodo vulputate justo in blandit ultrices enim lorem ipsum dolor sit,ultrices enim lorem ipsum dolor sit amet consectetuer adipiscing elit proin interdum mauris non ligula pellentesque ultrices phasellus id sapien in sapien iaculis congue vivamus metus arcu adipiscing molestie hendrerit,24,Comedy|Thriller,http://dummyimage.com/227x100.png/ff4444/ffffff
Hail Caesar,egestas metus aenean fermentum donec ut mauris eget massa tempor convallis nulla neque libero convallis eget eleifend luctus,dolor morbi vel lectus in quam fringilla rhoncus mauris enim leo rhoncus sed vestibulum sit amet cursus id turpis integer aliquet massa id lobortis convallis tortor risus dapibus augue vel accumsan tellus nisi eu orci mauris lacinia sapien quis libero nullam sit,34,Comedy,http://dummyimage.com/102x100.png/ff4444/ffffff
"Man Apart, A",consequat in consequat ut nulla sed accumsan felis ut at dolor quis odio consequat varius,semper est quam pharetra magna ac consequat metus sapien ut nunc vestibulum ante ipsum primis in faucibus orci luctus et ultrices posuere cubilia curae mauris viverra diam vitae quam suspendisse potenti,46,Action|Crime|Drama|Thriller,http://dummyimage.com/196x100.png/5fa2dd/ffffff
Teenage Paparazzo,nisi at nibh in hac habitasse platea dictumst aliquam augue quam,in quam fringilla rhoncus mauris enim leo rhoncus sed vestibulum sit amet cursus id turpis integer aliquet massa id lobortis convallis tortor risus dapibus augue vel accumsan tellus nisi eu orci mauris lacinia sapien quis libero nullam sit amet turpis elementum ligula vehicula consequat morbi a ipsum integer,23,Documentary,http://dummyimage.com/109x100.png/ff4444/ffffff
The Tunnel of Love,vel enim sit amet nunc viverra dapibus nulla suscipit ligula in lacus curabitur at,pede morbi porttitor lorem id ligula suspendisse ornare consequat lectus in est risus auctor sed tristique in tempus sit amet sem fusce consequat nulla nisl nunc nisl duis bibendum felis sed interdum venenatis turpis enim blandit mi in porttitor pede justo eu massa donec,41,Comedy|Romance,http://dummyimage.com/168x100.png/dddddd/000000
"Wrong Arm of the Law, The",blandit lacinia erat vestibulum sed magna at nunc commodo placerat praesent blandit nam nulla integer,a suscipit nulla elit ac nulla sed vel enim sit amet nunc viverra dapibus nulla suscipit ligula in lacus curabitur at ipsum ac tellus semper interdum mauris ullamcorper purus sit amet nulla quisque arcu libero rutrum ac lobortis vel dapibus at,14,Comedy|Crime,http://dummyimage.com/217x100.png/dddddd/000000
Cruel Intentions 2 (Cruel Intentions 2: Manchester Prep),amet sem fusce consequat nulla nisl nunc nisl duis bibendum felis sed interdum venenatis turpis enim,leo pellentesque ultrices mattis odio donec vitae nisi nam ultrices libero non mattis pulvinar nulla pede ullamcorper augue a suscipit nulla elit ac nulla sed vel enim sit amet nunc viverra dapibus nulla suscipit ligula in lacus curabitur at ipsum ac tellus semper interdum mauris,38,Comedy|Drama,http://dummyimage.com/209x100.png/dddddd/000000
Inside Deep Throat,rhoncus aliquam lacus morbi quis tortor id nulla ultrices aliquet maecenas leo odio condimentum id luctus nec molestie sed,etiam pretium iaculis justo in hac habitasse platea dictumst etiam faucibus cursus urna ut tellus nulla ut erat id mauris vulputate elementum nullam varius nulla facilisi cras non velit nec nisi vulputate,37,Documentary,http://dummyimage.com/177x100.png/dddddd/000000
"Eddy Duchin Story, The",quam sollicitudin vitae consectetuer eget rutrum at lorem integer tincidunt ante vel ipsum praesent blandit lacinia erat vestibulum sed magna,ultrices posuere cubilia curae donec pharetra magna vestibulum aliquet ultrices erat tortor sollicitudin mi sit amet lobortis sapien sapien non mi integer ac neque duis bibendum morbi non quam nec dui luctus rutrum nulla tellus in sagittis dui vel nisl,5,Drama|Musical|Romance,http://dummyimage.com/133x100.png/dddddd/000000
Thief of Hearts,enim sit amet nunc viverra dapibus nulla suscipit ligula in lacus curabitur at ipsum ac tellus semper interdum mauris,cum sociis natoque penatibus et magnis dis parturient montes nascetur ridiculus mus vivamus vestibulum sagittis sapien cum sociis natoque penatibus et magnis dis parturient montes nascetur ridiculus mus etiam vel augue vestibulum rutrum rutrum neque aenean auctor gravida sem praesent id massa id nisl venenatis lacinia aenean sit amet justo,9,Drama|Thriller,http://dummyimage.com/192x100.png/ff4444/ffffff
Shackleton's Antarctic Adventure,eget elit sodales scelerisque mauris sit amet eros suspendisse accumsan tortor quis turpis sed ante vivamus tortor duis,sapien varius ut blandit non interdum in ante vestibulum ante ipsum primis in faucibus orci luctus et ultrices posuere cubilia curae duis faucibus accumsan odio curabitur convallis duis consequat dui nec nisi volutpat eleifend donec ut dolor morbi vel lectus in quam,24,Documentary|IMAX,http://dummyimage.com/242x100.png/dddddd/000000
Heiter bis wolkig,at lorem integer tincidunt ante vel ipsum praesent blandit lacinia erat,turpis sed ante vivamus tortor duis mattis egestas metus aenean fermentum donec ut mauris eget massa tempor convallis nulla neque libero convallis eget eleifend luctus ultricies eu nibh quisque id justo sit amet sapien dignissim vestibulum vestibulum ante ipsum primis in faucibus orci luctus et,18,Comedy|Drama|Romance,http://dummyimage.com/220x100.png/5fa2dd/ffffff
Black Swan,nec nisi volutpat eleifend donec ut dolor morbi vel lectus in quam fringilla rhoncus mauris enim leo,non pretium quis lectus suspendisse potenti in eleifend quam a odio in hac habitasse platea dictumst maecenas ut massa quis augue luctus tincidunt nulla mollis molestie lorem quisque ut erat curabitur gravida nisi at nibh in hac habitasse platea dictumst aliquam augue quam sollicitudin vitae consectetuer eget rutrum at,48,Drama|Thriller,http://dummyimage.com/163x100.png/dddddd/000000
Dragon Ball Z: The History of Trunks (Doragon bôru Z: Zetsubô e no hankô!! Nokosareta chô senshi - Gohan to Torankusu),tincidunt in leo maecenas pulvinar lobortis est phasellus sit amet erat,justo maecenas rhoncus aliquam lacus morbi quis tortor id nulla ultrices aliquet maecenas leo odio condimentum id luctus nec molestie sed justo pellentesque viverra pede ac diam cras pellentesque volutpat dui maecenas tristique est et tempus semper est quam pharetra magna ac consequat metus sapien ut nunc vestibulum,47,Action|Adventure|Animation,http://dummyimage.com/171x100.png/dddddd/000000
My Sweet Pepper Land,non velit nec nisi vulputate nonummy maecenas tincidunt lacus at velit vivamus vel nulla,amet turpis elementum ligula vehicula consequat morbi a ipsum integer a nibh in quis justo maecenas rhoncus aliquam lacus morbi quis tortor id nulla ultrices aliquet maecenas leo odio condimentum id luctus nec molestie sed justo,49,Drama,http://dummyimage.com/105x100.png/dddddd/000000
Painted Fire (Chihwaseon),nulla facilisi cras non velit nec nisi vulputate nonummy maecenas tincidunt lacus at velit,curabitur convallis duis consequat dui nec nisi volutpat eleifend donec ut dolor morbi vel lectus in quam fringilla rhoncus mauris enim leo rhoncus sed vestibulum sit amet cursus id turpis integer aliquet massa id lobortis convallis tortor risus dapibus augue vel accumsan tellus nisi eu orci mauris lacinia,23,Drama,http://dummyimage.com/230x100.png/ff4444/ffffff
Any Wednesday (Bachelor Girl Apartment),dignissim vestibulum vestibulum ante ipsum primis in faucibus orci luctus et ultrices posuere cubilia,porta volutpat quam pede lobortis ligula sit amet eleifend pede libero quis orci nullam molestie nibh in lectus pellentesque at nulla suspendisse potenti cras in purus eu magna vulputate luctus cum sociis natoque penatibus et magnis dis parturient montes nascetur ridiculus,30,Comedy,http://dummyimage.com/242x100.png/cc0000/ffffff
"Soul of Bread, The (Ai de mian bao hun)",luctus et ultrices posuere cubilia curae donec pharetra magna vestibulum aliquet ultrices erat tortor sollicitudin,nibh in lectus pellentesque at nulla suspendisse potenti cras in purus eu magna vulputate luctus cum sociis natoque penatibus et magnis dis parturient montes nascetur ridiculus mus vivamus vestibulum sagittis sapien cum sociis natoque,31,Comedy|Romance,http://dummyimage.com/154x100.png/5fa2dd/ffffff
"Eye 2, The (Gin gwai 2)",luctus et ultrices posuere cubilia curae mauris viverra diam vitae quam suspendisse potenti nullam porttitor lacus at turpis donec posuere,pulvinar sed nisl nunc rhoncus dui vel sem sed sagittis nam congue risus semper porta volutpat quam pede lobortis ligula sit amet eleifend pede libero quis orci nullam molestie nibh in lectus pellentesque at,22,Horror|Thriller,http://dummyimage.com/225x100.png/ff4444/ffffff
Dangerous Corner,vestibulum ac est lacinia nisi venenatis tristique fusce congue diam id,quam nec dui luctus rutrum nulla tellus in sagittis dui vel nisl duis ac nibh fusce lacus purus aliquet at feugiat non pretium quis lectus suspendisse potenti in eleifend quam a odio in hac habitasse platea dictumst maecenas ut massa,45,Mystery,http://dummyimage.com/183x100.png/5fa2dd/ffffff
My Friends (Amici miei),a ipsum integer a nibh in quis justo maecenas rhoncus aliquam lacus morbi quis tortor id nulla ultrices,lectus vestibulum quam sapien varius ut blandit non interdum in ante vestibulum ante ipsum primis in faucibus orci luctus et ultrices posuere cubilia curae duis faucibus accumsan odio curabitur convallis duis consequat dui nec nisi volutpat eleifend donec ut dolor morbi vel lectus in quam fringilla,20,Comedy,http://dummyimage.com/133x100.png/5fa2dd/ffffff
"Painted Veil, The",nulla mollis molestie lorem quisque ut erat curabitur gravida nisi at nibh in hac habitasse platea dictumst aliquam,vulputate elementum nullam varius nulla facilisi cras non velit nec nisi vulputate nonummy maecenas tincidunt lacus at velit vivamus vel nulla eget eros elementum pellentesque quisque porta volutpat erat quisque erat eros viverra eget congue eget semper,1,Drama|Romance,http://dummyimage.com/182x100.png/5fa2dd/ffffff
Numbskull Emptybrook in the Army (Uuno Turhapuro armeijan leivissä),congue vivamus metus arcu adipiscing molestie hendrerit at vulputate vitae nisl aenean lectus pellentesque eget nunc donec quis orci,in sagittis dui vel nisl duis ac nibh fusce lacus purus aliquet at feugiat non pretium quis lectus suspendisse potenti in eleifend quam a odio in hac habitasse platea dictumst maecenas ut massa quis augue luctus tincidunt nulla mollis molestie lorem quisque ut erat curabitur gravida nisi at nibh,28,Comedy,http://dummyimage.com/225x100.png/5fa2dd/ffffff
Grown Up Movie Star,rutrum nulla tellus in sagittis dui vel nisl duis ac nibh fusce lacus purus aliquet,aenean lectus pellentesque eget nunc donec quis orci eget orci vehicula condimentum curabitur in libero ut massa volutpat convallis morbi odio odio elementum eu interdum eu tincidunt in leo maecenas pulvinar lobortis,7,Drama,http://dummyimage.com/117x100.png/5fa2dd/ffffff
Lan Yu,non pretium quis lectus suspendisse potenti in eleifend quam a odio in hac habitasse platea dictumst maecenas ut,praesent id massa id nisl venenatis lacinia aenean sit amet justo morbi ut odio cras mi pede malesuada in imperdiet et commodo vulputate justo in blandit ultrices enim lorem ipsum dolor,50,Drama|Romance,http://dummyimage.com/204x100.png/ff4444/ffffff
Zatoichi,at velit eu est congue elementum in hac habitasse platea dictumst morbi vestibulum velit id pretium iaculis,amet consectetuer adipiscing elit proin risus praesent lectus vestibulum quam sapien varius ut blandit non interdum in ante vestibulum ante ipsum primis in faucibus orci luctus et ultrices posuere cubilia curae duis faucibus accumsan odio curabitur,10,Action|Drama,http://dummyimage.com/187x100.png/dddddd/000000
The Missionaries,donec odio justo sollicitudin ut suscipit a feugiat et eros vestibulum,nisi nam ultrices libero non mattis pulvinar nulla pede ullamcorper augue a suscipit nulla elit ac nulla sed vel enim sit amet nunc viverra dapibus nulla suscipit ligula in lacus curabitur at ipsum ac tellus semper interdum mauris ullamcorper purus sit amet nulla quisque arcu libero rutrum ac lobortis vel,8,Comedy|Romance,http://dummyimage.com/100x100.png/5fa2dd/ffffff
Vicky Donor,orci luctus et ultrices posuere cubilia curae nulla dapibus dolor vel est donec odio,a pede posuere nonummy integer non velit donec diam neque vestibulum eget vulputate ut ultrices vel augue vestibulum ante ipsum primis in faucibus orci luctus et ultrices posuere cubilia curae donec pharetra magna vestibulum aliquet ultrices erat tortor sollicitudin mi sit amet lobortis sapien sapien non mi,12,Comedy|Romance,http://dummyimage.com/226x100.png/ff4444/ffffff
Miracle at St. Anna,sed tincidunt eu felis fusce posuere felis sed lacus morbi sem mauris laoreet,accumsan tortor quis turpis sed ante vivamus tortor duis mattis egestas metus aenean fermentum donec ut mauris eget massa tempor convallis nulla neque libero convallis eget eleifend luctus ultricies eu,20,Drama|Mystery|War,http://dummyimage.com/153x100.png/cc0000/ffffff
Spellbound,elementum nullam varius nulla facilisi cras non velit nec nisi vulputate nonummy maecenas tincidunt lacus at velit vivamus vel,aenean lectus pellentesque eget nunc donec quis orci eget orci vehicula condimentum curabitur in libero ut massa volutpat convallis morbi odio odio elementum eu interdum eu tincidunt in leo maecenas pulvinar lobortis est phasellus sit amet erat nulla tempus vivamus in felis eu,28,Mystery|Romance|Thriller,http://dummyimage.com/184x100.png/ff4444/ffffff
Strapped,justo eu massa donec dapibus duis at velit eu est congue elementum in hac habitasse,ligula sit amet eleifend pede libero quis orci nullam molestie nibh in lectus pellentesque at nulla suspendisse potenti cras in purus eu magna vulputate luctus cum sociis natoque penatibus et magnis dis parturient montes nascetur,29,Action|Drama,http://dummyimage.com/111x100.png/dddddd/000000
Not Here to Be Loved (Je ne suis pas là pour être aimé),posuere cubilia curae donec pharetra magna vestibulum aliquet ultrices erat tortor sollicitudin mi sit amet,diam cras pellentesque volutpat dui maecenas tristique est et tempus semper est quam pharetra magna ac consequat metus sapien ut nunc vestibulum ante ipsum primis in faucibus orci luctus et ultrices posuere cubilia curae mauris,40,Drama|Romance,http://dummyimage.com/142x100.png/dddddd/000000
Pleasures of the Flesh (Etsuraku),a ipsum integer a nibh in quis justo maecenas rhoncus aliquam lacus morbi quis tortor id nulla ultrices aliquet,nisi eu orci mauris lacinia sapien quis libero nullam sit amet turpis elementum ligula vehicula consequat morbi a ipsum integer a nibh in quis justo maecenas rhoncus aliquam lacus morbi quis tortor id nulla ultrices aliquet maecenas leo odio condimentum id luctus nec molestie sed justo pellentesque viverra pede,10,Comedy|Drama,http://dummyimage.com/124x100.png/ff4444/ffffff
"Walk, Don't Run",maecenas pulvinar lobortis est phasellus sit amet erat nulla tempus vivamus in felis eu sapien,cum sociis natoque penatibus et magnis dis parturient montes nascetur ridiculus mus etiam vel augue vestibulum rutrum rutrum neque aenean auctor gravida sem praesent id massa id nisl venenatis lacinia aenean sit amet justo morbi,4,Comedy|Romance,http://dummyimage.com/159x100.png/cc0000/ffffff
Recount,eget semper rutrum nulla nunc purus phasellus in felis donec semper sapien a libero nam dui proin,massa tempor convallis nulla neque libero convallis eget eleifend luctus ultricies eu nibh quisque id justo sit amet sapien dignissim vestibulum vestibulum ante ipsum primis in faucibus orci luctus et ultrices posuere cubilia curae nulla dapibus dolor vel est donec odio justo sollicitudin ut suscipit a feugiat et eros vestibulum,33,Drama,http://dummyimage.com/188x100.png/5fa2dd/ffffff
Office Space,nulla justo aliquam quis turpis eget elit sodales scelerisque mauris sit amet eros suspendisse accumsan,nulla sed accumsan felis ut at dolor quis odio consequat varius integer ac leo pellentesque ultrices mattis odio donec vitae nisi nam ultrices libero non mattis pulvinar nulla pede ullamcorper augue a suscipit nulla,18,Comedy|Crime,http://dummyimage.com/223x100.png/dddddd/000000
After the Rain (Ame agaru) ,cubilia curae duis faucibus accumsan odio curabitur convallis duis consequat dui nec nisi volutpat eleifend donec ut dolor,nisl nunc nisl duis bibendum felis sed interdum venenatis turpis enim blandit mi in porttitor pede justo eu massa donec dapibus duis at velit eu est congue elementum in hac habitasse platea dictumst,39,Action|Drama,http://dummyimage.com/102x100.png/ff4444/ffffff
Marvin Hamlisch: What He Did for Love,est et tempus semper est quam pharetra magna ac consequat metus sapien,proin risus praesent lectus vestibulum quam sapien varius ut blandit non interdum in ante vestibulum ante ipsum primis in faucibus orci luctus et ultrices posuere cubilia curae duis faucibus accumsan odio curabitur convallis duis consequat dui nec nisi volutpat eleifend donec ut dolor morbi vel,16,Documentary|Musical,http://dummyimage.com/228x100.png/5fa2dd/ffffff
Telefon,tortor duis mattis egestas metus aenean fermentum donec ut mauris eget massa tempor,hac habitasse platea dictumst maecenas ut massa quis augue luctus tincidunt nulla mollis molestie lorem quisque ut erat curabitur gravida nisi at nibh in hac habitasse platea dictumst aliquam augue quam sollicitudin vitae consectetuer eget rutrum at lorem integer tincidunt ante vel ipsum praesent blandit lacinia erat,3,Action|Crime|Thriller,http://dummyimage.com/156x100.png/5fa2dd/ffffff
"Stars Look Down, The",nulla neque libero convallis eget eleifend luctus ultricies eu nibh quisque id justo,sem sed sagittis nam congue risus semper porta volutpat quam pede lobortis ligula sit amet eleifend pede libero quis orci nullam molestie nibh in lectus pellentesque at nulla suspendisse potenti cras in purus eu magna vulputate luctus cum sociis natoque,25,Drama,http://dummyimage.com/193x100.png/cc0000/ffffff
Won't Back Down,montes nascetur ridiculus mus etiam vel augue vestibulum rutrum rutrum,facilisi cras non velit nec nisi vulputate nonummy maecenas tincidunt lacus at velit vivamus vel nulla eget eros elementum pellentesque quisque porta volutpat erat quisque erat eros viverra eget congue eget semper rutrum nulla nunc purus phasellus in felis donec semper sapien a libero nam dui proin,43,Drama,http://dummyimage.com/246x100.png/dddddd/000000
I Remember Mama,hac habitasse platea dictumst aliquam augue quam sollicitudin vitae consectetuer eget rutrum at lorem integer tincidunt,vivamus vel nulla eget eros elementum pellentesque quisque porta volutpat erat quisque erat eros viverra eget congue eget semper rutrum nulla nunc purus phasellus in felis donec semper sapien a libero nam,3,Children|Drama,http://dummyimage.com/120x100.png/cc0000/ffffff
"Solid Gold Cadillac, The",felis sed interdum venenatis turpis enim blandit mi in porttitor pede justo eu,ac neque duis bibendum morbi non quam nec dui luctus rutrum nulla tellus in sagittis dui vel nisl duis ac nibh fusce lacus purus aliquet at feugiat non pretium quis lectus suspendisse potenti,11,Comedy,http://dummyimage.com/163x100.png/dddddd/000000
Havoc,phasellus in felis donec semper sapien a libero nam dui proin,praesent lectus vestibulum quam sapien varius ut blandit non interdum in ante vestibulum ante ipsum primis in faucibus orci luctus et ultrices posuere cubilia curae duis faucibus accumsan odio curabitur convallis,22,Crime|Drama|Romance,http://dummyimage.com/138x100.png/dddddd/000000
Millennium Mambo (Qian xi man po),mauris lacinia sapien quis libero nullam sit amet turpis elementum ligula vehicula consequat morbi a ipsum integer,rhoncus aliquam lacus morbi quis tortor id nulla ultrices aliquet maecenas leo odio condimentum id luctus nec molestie sed justo pellentesque viverra pede ac diam cras pellentesque volutpat dui maecenas tristique est et tempus semper est quam pharetra magna,50,Drama|Romance,http://dummyimage.com/216x100.png/dddddd/000000
Sex Galaxy,vestibulum quam sapien varius ut blandit non interdum in ante vestibulum ante,sit amet cursus id turpis integer aliquet massa id lobortis convallis tortor risus dapibus augue vel accumsan tellus nisi eu orci mauris lacinia sapien quis libero nullam sit amet turpis elementum ligula vehicula consequat morbi a ipsum integer a nibh in quis justo maecenas rhoncus aliquam lacus,21,Comedy|Sci-Fi,http://dummyimage.com/117x100.png/ff4444/ffffff
Mirror Mirror,suspendisse potenti cras in purus eu magna vulputate luctus cum sociis natoque penatibus,integer aliquet massa id lobortis convallis tortor risus dapibus augue vel accumsan tellus nisi eu orci mauris lacinia sapien quis libero nullam sit amet turpis elementum ligula vehicula consequat morbi a,42,Adventure|Comedy|Fantasy,http://dummyimage.com/109x100.png/dddddd/000000
Mein Leben - Marcel Reich-Ranicki,in felis donec semper sapien a libero nam dui proin leo odio porttitor id consequat,purus aliquet at feugiat non pretium quis lectus suspendisse potenti in eleifend quam a odio in hac habitasse platea dictumst maecenas ut massa quis augue luctus tincidunt nulla mollis molestie lorem quisque ut erat curabitur gravida nisi at nibh in hac habitasse platea dictumst aliquam,37,Drama,http://dummyimage.com/144x100.png/ff4444/ffffff
Night on the Galactic Railroad (Ginga-tetsudo no yoru),eu nibh quisque id justo sit amet sapien dignissim vestibulum vestibulum ante,rhoncus aliquet pulvinar sed nisl nunc rhoncus dui vel sem sed sagittis nam congue risus semper porta volutpat quam pede lobortis ligula sit amet eleifend pede libero quis orci nullam molestie nibh in lectus,47,Animation|Drama,http://dummyimage.com/148x100.png/dddddd/000000
Across to Singapore,varius integer ac leo pellentesque ultrices mattis odio donec vitae nisi,pellentesque viverra pede ac diam cras pellentesque volutpat dui maecenas tristique est et tempus semper est quam pharetra magna ac consequat metus sapien ut nunc vestibulum ante ipsum primis in faucibus orci luctus et ultrices posuere cubilia curae mauris,15,Drama|Romance,http://dummyimage.com/218x100.png/5fa2dd/ffffff
Bedtime Story,primis in faucibus orci luctus et ultrices posuere cubilia curae mauris viverra diam,sapien dignissim vestibulum vestibulum ante ipsum primis in faucibus orci luctus et ultrices posuere cubilia curae nulla dapibus dolor vel est donec odio justo sollicitudin ut suscipit a feugiat et eros vestibulum ac est lacinia nisi venenatis tristique fusce congue diam id ornare imperdiet,34,Comedy,http://dummyimage.com/103x100.png/cc0000/ffffff
Avengers Confidential: Black Widow & Punisher,aliquam sit amet diam in magna bibendum imperdiet nullam orci pede venenatis non sodales sed tincidunt eu felis fusce posuere,nulla integer pede justo lacinia eget tincidunt eget tempus vel pede morbi porttitor lorem id ligula suspendisse ornare consequat lectus in est risus auctor sed tristique in tempus sit amet sem fusce consequat nulla nisl nunc nisl duis bibendum felis,42,Action|Animation|Sci-Fi,http://dummyimage.com/193x100.png/ff4444/ffffff
M*A*S*H (a.k.a. MASH),justo eu massa donec dapibus duis at velit eu est congue,convallis morbi odio odio elementum eu interdum eu tincidunt in leo maecenas pulvinar lobortis est phasellus sit amet erat nulla tempus vivamus in felis eu sapien cursus vestibulum proin eu,9,Comedy|Drama|War,http://dummyimage.com/222x100.png/dddddd/000000
Moonlight and Cactus,ut suscipit a feugiat et eros vestibulum ac est lacinia nisi venenatis,sollicitudin vitae consectetuer eget rutrum at lorem integer tincidunt ante vel ipsum praesent blandit lacinia erat vestibulum sed magna at nunc commodo placerat praesent blandit nam nulla integer pede justo lacinia eget tincidunt eget,31,Comedy|Musical|Western,http://dummyimage.com/144x100.png/5fa2dd/ffffff
Resident Evil,tincidunt lacus at velit vivamus vel nulla eget eros elementum pellentesque,ornare imperdiet sapien urna pretium nisl ut volutpat sapien arcu sed augue aliquam erat volutpat in congue etiam justo etiam pretium iaculis justo in hac habitasse platea dictumst etiam faucibus cursus urna ut tellus nulla ut erat id mauris vulputate elementum nullam varius nulla facilisi cras non,47,Action|Horror|Sci-Fi|Thriller,http://dummyimage.com/244x100.png/cc0000/ffffff
Death Note,fusce congue diam id ornare imperdiet sapien urna pretium nisl ut volutpat sapien arcu,magna at nunc commodo placerat praesent blandit nam nulla integer pede justo lacinia eget tincidunt eget tempus vel pede morbi porttitor lorem id ligula suspendisse ornare consequat lectus in est risus,37,Adventure|Crime|Drama|Horror|Mystery,http://dummyimage.com/171x100.png/dddddd/000000
"Human Tornado, The",viverra diam vitae quam suspendisse potenti nullam porttitor lacus at turpis donec posuere metus vitae ipsum aliquam,phasellus id sapien in sapien iaculis congue vivamus metus arcu adipiscing molestie hendrerit at vulputate vitae nisl aenean lectus pellentesque eget nunc donec quis orci eget orci vehicula condimentum curabitur in libero,28,Action|Comedy,http://dummyimage.com/133x100.png/dddddd/000000
Empire of the Wolves (L'empire des loups),primis in faucibus orci luctus et ultrices posuere cubilia curae donec pharetra magna vestibulum aliquet ultrices erat tortor,nulla nisl nunc nisl duis bibendum felis sed interdum venenatis turpis enim blandit mi in porttitor pede justo eu massa donec dapibus duis at velit eu est congue elementum in hac habitasse platea dictumst morbi vestibulum velit id pretium iaculis diam erat fermentum justo nec condimentum neque sapien placerat,16,Action|Drama|Thriller,http://dummyimage.com/138x100.png/cc0000/ffffff
Dawn of the Dead,sollicitudin vitae consectetuer eget rutrum at lorem integer tincidunt ante vel ipsum praesent blandit lacinia,semper rutrum nulla nunc purus phasellus in felis donec semper sapien a libero nam dui proin leo odio porttitor id consequat in consequat ut nulla sed accumsan felis ut at dolor quis odio consequat varius integer ac leo,37,Action|Drama|Horror|Thriller,http://dummyimage.com/143x100.png/ff4444/ffffff
Spin,at nulla suspendisse potenti cras in purus eu magna vulputate luctus cum sociis natoque,amet lobortis sapien sapien non mi integer ac neque duis bibendum morbi non quam nec dui luctus rutrum nulla tellus in sagittis dui vel nisl duis ac nibh fusce lacus purus aliquet at feugiat non pretium quis lectus suspendisse potenti in eleifend quam a odio,1,Children|Drama,http://dummyimage.com/186x100.png/cc0000/ffffff
Shaolin Temple 3: Martial Arts of Shaolin (Nan bei Shao Lin) (Martial Arts of Shaolin),platea dictumst aliquam augue quam sollicitudin vitae consectetuer eget rutrum,primis in faucibus orci luctus et ultrices posuere cubilia curae mauris viverra diam vitae quam suspendisse potenti nullam porttitor lacus at turpis donec posuere metus vitae ipsum aliquam non mauris morbi non lectus aliquam sit amet diam in magna bibendum imperdiet nullam orci pede venenatis non,20,Action,http://dummyimage.com/221x100.png/dddddd/000000
Rhapsody in August (Hachi-gatsu no kyôshikyoku),tincidunt in leo maecenas pulvinar lobortis est phasellus sit amet erat nulla tempus vivamus in felis eu sapien cursus vestibulum,dui maecenas tristique est et tempus semper est quam pharetra magna ac consequat metus sapien ut nunc vestibulum ante ipsum primis in faucibus orci luctus et ultrices posuere cubilia curae mauris viverra diam vitae quam suspendisse potenti nullam porttitor lacus at turpis donec,7,Drama,http://dummyimage.com/223x100.png/cc0000/ffffff
Paradise Lost 3: Purgatory,nisi venenatis tristique fusce congue diam id ornare imperdiet sapien urna pretium,ut suscipit a feugiat et eros vestibulum ac est lacinia nisi venenatis tristique fusce congue diam id ornare imperdiet sapien urna pretium nisl ut volutpat sapien arcu sed augue aliquam erat volutpat in congue etiam justo etiam pretium iaculis justo in hac,12,Documentary,http://dummyimage.com/159x100.png/5fa2dd/ffffff
MirrorMask,nascetur ridiculus mus etiam vel augue vestibulum rutrum rutrum neque aenean,id ligula suspendisse ornare consequat lectus in est risus auctor sed tristique in tempus sit amet sem fusce consequat nulla nisl nunc nisl duis bibendum felis sed interdum venenatis turpis,15,Adventure|Children|Drama|Fantasy,http://dummyimage.com/246x100.png/ff4444/ffffff
Going in Style,elit proin risus praesent lectus vestibulum quam sapien varius ut blandit non interdum in ante vestibulum ante ipsum primis,justo in blandit ultrices enim lorem ipsum dolor sit amet consectetuer adipiscing elit proin interdum mauris non ligula pellentesque ultrices phasellus id sapien in sapien iaculis congue vivamus metus arcu adipiscing,39,Comedy|Drama,http://dummyimage.com/147x100.png/ff4444/ffffff
