sku,product_name,short_description,long_description,stock_levels,category,images
305571720-1,Homeboy,purus phasellus in felis donec semper sapien a libero nam dui proin,lectus suspendisse potenti in eleifend quam a odio in hac habitasse platea dictumst maecenas ut massa quis augue luctus tincidunt nulla mollis molestie lorem quisque ut erat curabitur gravida nisi at nibh in hac habitasse platea dictumst aliquam augue quam sollicitudin vitae consectetuer eget rutrum at,33,Drama|Romance,http://dummyimage.com/177x100.png/dddddd/000000
567816568-2,Horsemen,massa id lobortis convallis tortor risus dapibus augue vel accumsan tellus nisi eu orci mauris lacinia,risus auctor sed tristique in tempus sit amet sem fusce consequat nulla nisl nunc nisl duis bibendum felis sed interdum venenatis turpis enim blandit mi in porttitor pede justo eu massa donec dapibus duis at velit eu est congue elementum in hac habitasse platea dictumst,31,Crime|Drama|Horror|Mystery|Thriller,http://dummyimage.com/187x100.png/cc0000/ffffff
087702788-9,Funny Bones,proin leo odio porttitor id consequat in consequat ut nulla sed accumsan felis ut,at vulputate vitae nisl aenean lectus pellentesque eget nunc donec quis orci eget orci vehicula condimentum curabitur in libero ut massa volutpat convallis morbi odio odio elementum eu interdum eu tincidunt in leo,44,Comedy|Drama,http://dummyimage.com/122x100.png/dddddd/000000
458448382-5,"Devil and Daniel Webster, The (All That Money Can Buy)",id ornare imperdiet sapien urna pretium nisl ut volutpat sapien arcu sed augue aliquam erat volutpat in congue etiam,eu est congue elementum in hac habitasse platea dictumst morbi vestibulum velit id pretium iaculis diam erat fermentum justo nec condimentum neque sapien placerat ante nulla justo aliquam quis turpis eget elit sodales scelerisque mauris sit amet eros suspendisse accumsan,4,Drama|Fantasy,http://dummyimage.com/110x100.png/dddddd/000000
750597342-8,Jane Eyre,ipsum dolor sit amet consectetuer adipiscing elit proin risus praesent lectus vestibulum quam sapien varius ut blandit non interdum in,semper rutrum nulla nunc purus phasellus in felis donec semper sapien a libero nam dui proin leo odio porttitor id consequat in consequat ut nulla sed accumsan felis ut at dolor quis odio consequat varius integer ac leo pellentesque ultrices mattis odio donec vitae,38,Drama|Romance,http://dummyimage.com/148x100.png/cc0000/ffffff
541997591-2,Things Are Tough All Over,consequat in consequat ut nulla sed accumsan felis ut at dolor quis odio consequat varius integer,lectus pellentesque eget nunc donec quis orci eget orci vehicula condimentum curabitur in libero ut massa volutpat convallis morbi odio odio elementum eu interdum eu tincidunt in leo maecenas pulvinar lobortis est phasellus sit amet erat nulla tempus vivamus in felis eu sapien cursus vestibulum proin eu mi nulla,34,Comedy,http://dummyimage.com/207x100.png/cc0000/ffffff
411633338-7,Intact (Intacto),velit vivamus vel nulla eget eros elementum pellentesque quisque porta volutpat erat quisque erat eros viverra eget congue,id justo sit amet sapien dignissim vestibulum vestibulum ante ipsum primis in faucibus orci luctus et ultrices posuere cubilia curae nulla dapibus dolor vel est donec odio justo sollicitudin ut suscipit a feugiat et eros vestibulum ac est lacinia nisi venenatis tristique fusce,6,Thriller,http://dummyimage.com/234x100.png/dddddd/000000
814285561-5,"Mighty Heart, A",montes nascetur ridiculus mus vivamus vestibulum sagittis sapien cum sociis natoque,quam sollicitudin vitae consectetuer eget rutrum at lorem integer tincidunt ante vel ipsum praesent blandit lacinia erat vestibulum sed magna at nunc commodo placerat praesent blandit nam nulla integer pede justo lacinia eget tincidunt eget tempus vel pede morbi porttitor lorem id ligula suspendisse ornare consequat,4,Drama|Thriller,http://dummyimage.com/174x100.png/ff4444/ffffff
184669619-4,Death Watch (La Mort en Direct),habitasse platea dictumst maecenas ut massa quis augue luctus tincidunt nulla mollis molestie lorem,lectus pellentesque eget nunc donec quis orci eget orci vehicula condimentum curabitur in libero ut massa volutpat convallis morbi odio odio elementum eu interdum eu tincidunt in leo maecenas pulvinar lobortis est phasellus sit amet erat nulla tempus vivamus in felis eu sapien cursus vestibulum proin eu mi,19,Drama|Sci-Fi,http://dummyimage.com/243x100.png/cc0000/ffffff
555139333-X,"Chamber of Death (Chambre des morts, La)",vel ipsum praesent blandit lacinia erat vestibulum sed magna at nunc commodo placerat praesent,vel sem sed sagittis nam congue risus semper porta volutpat quam pede lobortis ligula sit amet eleifend pede libero quis orci nullam molestie nibh in lectus pellentesque at nulla suspendisse potenti cras in purus eu magna vulputate luctus cum sociis natoque penatibus et magnis dis parturient montes,47,Crime|Mystery|Thriller,http://dummyimage.com/172x100.png/5fa2dd/ffffff
842812886-3,One Fine Spring Day (Bomnaleun ganda),tortor id nulla ultrices aliquet maecenas leo odio condimentum id luctus nec molestie,nullam varius nulla facilisi cras non velit nec nisi vulputate nonummy maecenas tincidunt lacus at velit vivamus vel nulla eget eros elementum pellentesque quisque porta volutpat erat quisque erat eros viverra eget congue eget semper rutrum nulla nunc purus phasellus,29,Drama,http://dummyimage.com/196x100.png/5fa2dd/ffffff
616938367-4,All is Bright,vivamus tortor duis mattis egestas metus aenean fermentum donec ut mauris eget massa tempor convallis nulla neque,felis eu sapien cursus vestibulum proin eu mi nulla ac enim in tempor turpis nec euismod scelerisque quam turpis adipiscing lorem vitae mattis nibh ligula nec sem duis aliquam convallis,41,Comedy|Drama,http://dummyimage.com/116x100.png/dddddd/000000
451851064-X,"Legend of Sleepy Hollow, The",in faucibus orci luctus et ultrices posuere cubilia curae duis,odio donec vitae nisi nam ultrices libero non mattis pulvinar nulla pede ullamcorper augue a suscipit nulla elit ac nulla sed vel enim sit amet nunc viverra dapibus nulla suscipit ligula in lacus curabitur at ipsum ac tellus semper interdum mauris ullamcorper purus,36,Animation|Comedy|Horror|Musical,http://dummyimage.com/245x100.png/5fa2dd/ffffff
287562778-3,Tulpan,eleifend pede libero quis orci nullam molestie nibh in lectus pellentesque at nulla suspendisse potenti cras in purus eu magna,aenean auctor gravida sem praesent id massa id nisl venenatis lacinia aenean sit amet justo morbi ut odio cras mi pede malesuada in imperdiet et commodo vulputate justo in blandit ultrices enim lorem ipsum dolor sit amet consectetuer adipiscing elit proin interdum mauris non ligula pellentesque ultrices phasellus,47,Comedy|Drama,http://dummyimage.com/194x100.png/5fa2dd/ffffff
103147131-6,"Confession, The",proin leo odio porttitor id consequat in consequat ut nulla sed accumsan felis ut at dolor quis,vel nisl duis ac nibh fusce lacus purus aliquet at feugiat non pretium quis lectus suspendisse potenti in eleifend quam a odio in hac habitasse platea dictumst maecenas ut massa,25,Drama|Thriller,http://dummyimage.com/149x100.png/ff4444/ffffff
165049502-1,Power Play,fusce congue diam id ornare imperdiet sapien urna pretium nisl ut volutpat,quis turpis eget elit sodales scelerisque mauris sit amet eros suspendisse accumsan tortor quis turpis sed ante vivamus tortor duis mattis egestas metus aenean fermentum donec ut mauris eget massa tempor,33,Drama|Thriller,http://dummyimage.com/149x100.png/ff4444/ffffff
807292642-X,Changing Lanes,sit amet lobortis sapien sapien non mi integer ac neque duis bibendum morbi non quam nec,cubilia curae donec pharetra magna vestibulum aliquet ultrices erat tortor sollicitudin mi sit amet lobortis sapien sapien non mi integer ac neque duis bibendum morbi non quam nec dui luctus rutrum nulla tellus in sagittis dui vel nisl duis ac nibh fusce lacus purus aliquet at feugiat non pretium quis,13,Drama|Thriller,http://dummyimage.com/207x100.png/5fa2dd/ffffff
239122624-1,"Wild Bees, The (Divoké vcely)",amet diam in magna bibendum imperdiet nullam orci pede venenatis non sodales sed tincidunt eu felis fusce posuere felis,eu felis fusce posuere felis sed lacus morbi sem mauris laoreet ut rhoncus aliquet pulvinar sed nisl nunc rhoncus dui vel sem sed sagittis nam congue risus semper porta volutpat quam,8,Comedy|Drama,http://dummyimage.com/193x100.png/dddddd/000000
155295618-0,"Crocodile Hunter: Collision Course, The",eu tincidunt in leo maecenas pulvinar lobortis est phasellus sit amet erat nulla tempus vivamus in felis,nulla pede ullamcorper augue a suscipit nulla elit ac nulla sed vel enim sit amet nunc viverra dapibus nulla suscipit ligula in lacus curabitur at ipsum ac tellus semper interdum mauris ullamcorper purus sit amet nulla quisque arcu libero rutrum,30,Adventure|Comedy,http://dummyimage.com/245x100.png/ff4444/ffffff
182187732-2,Virtuality,ultrices mattis odio donec vitae nisi nam ultrices libero non mattis pulvinar nulla pede ullamcorper augue a suscipit nulla elit,erat nulla tempus vivamus in felis eu sapien cursus vestibulum proin eu mi nulla ac enim in tempor turpis nec euismod scelerisque quam turpis adipiscing lorem vitae mattis nibh ligula nec sem duis aliquam convallis nunc proin at turpis a pede posuere nonummy,13,Drama|Sci-Fi|Thriller,http://dummyimage.com/236x100.png/5fa2dd/ffffff
328943184-3,Nanook of the North,at nunc commodo placerat praesent blandit nam nulla integer pede justo lacinia eget tincidunt eget tempus vel pede,montes nascetur ridiculus mus vivamus vestibulum sagittis sapien cum sociis natoque penatibus et magnis dis parturient montes nascetur ridiculus mus etiam vel augue vestibulum rutrum rutrum neque aenean auctor gravida sem praesent id massa id nisl venenatis lacinia aenean sit amet justo morbi ut odio cras mi pede,9,Documentary|Drama,http://dummyimage.com/130x100.png/5fa2dd/ffffff
919961003-5,The Kiss of Her Flesh,non pretium quis lectus suspendisse potenti in eleifend quam a odio in hac habitasse platea,vestibulum sagittis sapien cum sociis natoque penatibus et magnis dis parturient montes nascetur ridiculus mus etiam vel augue vestibulum rutrum rutrum neque aenean auctor gravida sem praesent id massa id nisl venenatis lacinia aenean sit amet justo morbi ut odio cras mi pede malesuada in,33,Horror|Thriller,http://dummyimage.com/199x100.png/5fa2dd/ffffff
510497641-6,Dracula,curabitur gravida nisi at nibh in hac habitasse platea dictumst aliquam augue quam sollicitudin vitae,posuere cubilia curae mauris viverra diam vitae quam suspendisse potenti nullam porttitor lacus at turpis donec posuere metus vitae ipsum aliquam non mauris morbi non lectus aliquam sit amet diam in magna bibendum imperdiet nullam orci pede venenatis non sodales sed,1,Horror,http://dummyimage.com/129x100.png/dddddd/000000
767262799-6,"Bang, Bang, You're Dead",ut nulla sed accumsan felis ut at dolor quis odio consequat,vitae quam suspendisse potenti nullam porttitor lacus at turpis donec posuere metus vitae ipsum aliquam non mauris morbi non lectus aliquam sit amet diam in magna bibendum imperdiet nullam orci pede venenatis non sodales sed tincidunt eu felis fusce posuere felis sed lacus morbi sem mauris laoreet ut rhoncus,41,Drama,http://dummyimage.com/123x100.png/ff4444/ffffff
258916859-4,Mutant Action (Acción Mutante),lacus morbi sem mauris laoreet ut rhoncus aliquet pulvinar sed nisl nunc rhoncus,posuere cubilia curae mauris viverra diam vitae quam suspendisse potenti nullam porttitor lacus at turpis donec posuere metus vitae ipsum aliquam non mauris morbi non lectus aliquam sit amet diam in magna bibendum imperdiet nullam orci pede venenatis non sodales sed tincidunt,3,Action|Comedy|Sci-Fi,http://dummyimage.com/144x100.png/dddddd/000000
832773263-3,C.H.U.D. II - Bud the Chud,donec diam neque vestibulum eget vulputate ut ultrices vel augue vestibulum ante ipsum primis in faucibus orci luctus et,cursus vestibulum proin eu mi nulla ac enim in tempor turpis nec euismod scelerisque quam turpis adipiscing lorem vitae mattis nibh ligula nec sem duis aliquam convallis nunc proin at turpis a pede posuere nonummy,29,Comedy|Horror,http://dummyimage.com/216x100.png/cc0000/ffffff
358261256-2,Faithless,velit donec diam neque vestibulum eget vulputate ut ultrices vel augue vestibulum,ultrices posuere cubilia curae mauris viverra diam vitae quam suspendisse potenti nullam porttitor lacus at turpis donec posuere metus vitae ipsum aliquam non mauris morbi non lectus aliquam sit amet diam in magna bibendum imperdiet nullam orci pede venenatis non sodales sed tincidunt eu felis fusce posuere,16,Drama,http://dummyimage.com/198x100.png/5fa2dd/ffffff
356148314-3,Nemesis 2: Nebula,in tempor turpis nec euismod scelerisque quam turpis adipiscing lorem vitae mattis nibh ligula nec sem duis aliquam,sed tristique in tempus sit amet sem fusce consequat nulla nisl nunc nisl duis bibendum felis sed interdum venenatis turpis enim blandit mi in porttitor pede justo eu massa donec dapibus duis at velit eu est congue elementum in hac habitasse platea dictumst,30,Action|Sci-Fi|Thriller,http://dummyimage.com/197x100.png/cc0000/ffffff
298185342-2,She's the One,in est risus auctor sed tristique in tempus sit amet sem fusce consequat nulla nisl nunc nisl duis bibendum felis,nisi eu orci mauris lacinia sapien quis libero nullam sit amet turpis elementum ligula vehicula consequat morbi a ipsum integer a nibh in quis justo maecenas rhoncus aliquam lacus morbi quis tortor id nulla ultrices aliquet maecenas leo odio condimentum id,49,Comedy|Romance,http://dummyimage.com/128x100.png/dddddd/000000
358654785-4,One Bright Shining Moment,eu est congue elementum in hac habitasse platea dictumst morbi,et tempus semper est quam pharetra magna ac consequat metus sapien ut nunc vestibulum ante ipsum primis in faucibus orci luctus et ultrices posuere cubilia curae mauris viverra diam vitae quam suspendisse potenti nullam porttitor lacus at turpis donec posuere metus vitae ipsum aliquam,19,Documentary,http://dummyimage.com/101x100.png/5fa2dd/ffffff
597480327-2,"Little World of Don Camillo, The (Petit monde de Don Camillo, Le)",elit proin interdum mauris non ligula pellentesque ultrices phasellus id sapien in sapien,eros elementum pellentesque quisque porta volutpat erat quisque erat eros viverra eget congue eget semper rutrum nulla nunc purus phasellus in felis donec semper sapien a libero nam dui proin leo odio porttitor id consequat in consequat ut nulla sed accumsan felis ut at dolor quis odio,1,Comedy,http://dummyimage.com/176x100.png/cc0000/ffffff
934629040-4,American Ninja 2: The Confrontation,viverra pede ac diam cras pellentesque volutpat dui maecenas tristique est,dolor sit amet consectetuer adipiscing elit proin interdum mauris non ligula pellentesque ultrices phasellus id sapien in sapien iaculis congue vivamus metus arcu adipiscing molestie hendrerit at vulputate vitae nisl aenean lectus pellentesque eget nunc donec quis orci eget orci vehicula condimentum curabitur in libero ut massa volutpat,48,Action|Adventure,http://dummyimage.com/203x100.png/cc0000/ffffff
366533865-4,"Man Called Peter, A",lectus pellentesque at nulla suspendisse potenti cras in purus eu magna vulputate luctus cum,suspendisse potenti nullam porttitor lacus at turpis donec posuere metus vitae ipsum aliquam non mauris morbi non lectus aliquam sit amet diam in magna bibendum imperdiet nullam orci pede venenatis non sodales sed tincidunt eu felis fusce posuere felis sed lacus morbi,1,Drama,http://dummyimage.com/168x100.png/dddddd/000000
989581065-2,Merry-Go-Round,viverra dapibus nulla suscipit ligula in lacus curabitur at ipsum ac tellus semper,tristique est et tempus semper est quam pharetra magna ac consequat metus sapien ut nunc vestibulum ante ipsum primis in faucibus orci luctus et ultrices posuere cubilia curae mauris viverra diam vitae quam suspendisse potenti nullam porttitor lacus,27,Drama,http://dummyimage.com/127x100.png/5fa2dd/ffffff
446376307-X,Boy Culture,fusce lacus purus aliquet at feugiat non pretium quis lectus suspendisse potenti in eleifend quam a,condimentum neque sapien placerat ante nulla justo aliquam quis turpis eget elit sodales scelerisque mauris sit amet eros suspendisse accumsan tortor quis turpis sed ante vivamus tortor duis mattis egestas,16,Drama,http://dummyimage.com/249x100.png/ff4444/ffffff
195858992-6,One Bright Shining Moment,odio curabitur convallis duis consequat dui nec nisi volutpat eleifend donec ut dolor morbi vel lectus in quam fringilla rhoncus,arcu sed augue aliquam erat volutpat in congue etiam justo etiam pretium iaculis justo in hac habitasse platea dictumst etiam faucibus cursus urna ut tellus nulla ut erat id mauris vulputate elementum nullam varius nulla facilisi,44,Documentary,http://dummyimage.com/148x100.png/dddddd/000000
226222945-7,DysFunktional Family,placerat ante nulla justo aliquam quis turpis eget elit sodales,duis aliquam convallis nunc proin at turpis a pede posuere nonummy integer non velit donec diam neque vestibulum eget vulputate ut ultrices vel augue vestibulum ante ipsum primis in faucibus orci luctus et ultrices posuere cubilia curae donec pharetra magna vestibulum,7,Comedy|Documentary,http://dummyimage.com/127x100.png/cc0000/ffffff
219259297-3,Aberdeen,quisque id justo sit amet sapien dignissim vestibulum vestibulum ante,turpis donec posuere metus vitae ipsum aliquam non mauris morbi non lectus aliquam sit amet diam in magna bibendum imperdiet nullam orci pede venenatis non sodales sed tincidunt eu felis fusce posuere felis sed lacus morbi sem mauris laoreet ut rhoncus aliquet pulvinar sed nisl nunc rhoncus,41,Drama,http://dummyimage.com/150x100.png/dddddd/000000
966268478-6,Whore,felis sed lacus morbi sem mauris laoreet ut rhoncus aliquet pulvinar sed nisl nunc rhoncus dui vel sem sed sagittis,tristique est et tempus semper est quam pharetra magna ac consequat metus sapien ut nunc vestibulum ante ipsum primis in faucibus orci luctus et ultrices posuere cubilia curae mauris viverra diam vitae quam suspendisse potenti,5,Drama,http://dummyimage.com/164x100.png/ff4444/ffffff
702105998-1,The Magnificent Gladiator,nulla ut erat id mauris vulputate elementum nullam varius nulla facilisi cras non velit nec,consequat morbi a ipsum integer a nibh in quis justo maecenas rhoncus aliquam lacus morbi quis tortor id nulla ultrices aliquet maecenas leo odio condimentum id luctus nec molestie sed,33,Action|Adventure|Drama,http://dummyimage.com/174x100.png/ff4444/ffffff
323736785-0,Dillinger,morbi sem mauris laoreet ut rhoncus aliquet pulvinar sed nisl nunc rhoncus dui vel sem sed sagittis nam,sit amet cursus id turpis integer aliquet massa id lobortis convallis tortor risus dapibus augue vel accumsan tellus nisi eu orci mauris lacinia sapien quis libero nullam sit amet turpis elementum ligula vehicula consequat morbi a ipsum integer a nibh in quis justo maecenas rhoncus aliquam lacus morbi,10,Action|Crime|Drama,http://dummyimage.com/193x100.png/ff4444/ffffff
937748788-9,Fruitcake,massa id nisl venenatis lacinia aenean sit amet justo morbi ut,penatibus et magnis dis parturient montes nascetur ridiculus mus vivamus vestibulum sagittis sapien cum sociis natoque penatibus et magnis dis parturient montes nascetur ridiculus mus etiam vel augue vestibulum rutrum rutrum neque aenean auctor gravida sem praesent id massa id nisl,33,Comedy,http://dummyimage.com/217x100.png/dddddd/000000
073575332-6,Psycho Beach Party,diam id ornare imperdiet sapien urna pretium nisl ut volutpat sapien arcu sed augue aliquam erat volutpat in congue,a suscipit nulla elit ac nulla sed vel enim sit amet nunc viverra dapibus nulla suscipit ligula in lacus curabitur at ipsum ac tellus semper interdum mauris ullamcorper purus sit amet nulla quisque,42,Comedy|Horror|Thriller,http://dummyimage.com/120x100.png/cc0000/ffffff
613202575-8,Dead End,eget massa tempor convallis nulla neque libero convallis eget eleifend luctus ultricies eu,interdum venenatis turpis enim blandit mi in porttitor pede justo eu massa donec dapibus duis at velit eu est congue elementum in hac habitasse platea dictumst morbi vestibulum velit id pretium iaculis diam erat fermentum justo,47,Crime|Drama,http://dummyimage.com/249x100.png/ff4444/ffffff
198679645-0,Mickey's Twice Upon a Christmas,praesent blandit lacinia erat vestibulum sed magna at nunc commodo placerat praesent blandit nam nulla,neque libero convallis eget eleifend luctus ultricies eu nibh quisque id justo sit amet sapien dignissim vestibulum vestibulum ante ipsum primis in faucibus orci luctus et ultrices posuere cubilia curae nulla dapibus dolor vel est donec odio justo sollicitudin ut suscipit a feugiat et eros vestibulum ac est lacinia nisi,22,Animation|Children|Comedy,http://dummyimage.com/218x100.png/dddddd/000000
099945810-8,Rollover,volutpat sapien arcu sed augue aliquam erat volutpat in congue,ut suscipit a feugiat et eros vestibulum ac est lacinia nisi venenatis tristique fusce congue diam id ornare imperdiet sapien urna pretium nisl ut volutpat sapien arcu sed augue aliquam erat volutpat in congue etiam justo etiam pretium iaculis justo in hac habitasse platea dictumst etiam faucibus cursus urna ut,43,Drama,http://dummyimage.com/203x100.png/5fa2dd/ffffff
496901242-3,Make It Happen,pede justo lacinia eget tincidunt eget tempus vel pede morbi,potenti in eleifend quam a odio in hac habitasse platea dictumst maecenas ut massa quis augue luctus tincidunt nulla mollis molestie lorem quisque ut erat curabitur gravida nisi at nibh in hac habitasse platea dictumst aliquam augue quam sollicitudin vitae consectetuer eget rutrum,34,Drama,http://dummyimage.com/185x100.png/dddddd/000000
578985989-5,Eloise at Christmastime,rhoncus aliquet pulvinar sed nisl nunc rhoncus dui vel sem sed sagittis,id mauris vulputate elementum nullam varius nulla facilisi cras non velit nec nisi vulputate nonummy maecenas tincidunt lacus at velit vivamus vel nulla eget eros elementum pellentesque quisque porta volutpat erat quisque erat eros viverra eget congue eget semper,27,Children|Comedy|Drama,http://dummyimage.com/179x100.png/5fa2dd/ffffff
388603683-9,Junkopia,eros suspendisse accumsan tortor quis turpis sed ante vivamus tortor,cum sociis natoque penatibus et magnis dis parturient montes nascetur ridiculus mus etiam vel augue vestibulum rutrum rutrum neque aenean auctor gravida sem praesent id massa id nisl venenatis lacinia aenean sit amet justo morbi,1,Documentary,http://dummyimage.com/178x100.png/dddddd/000000
845640022-X,Burnt by the Sun (Utomlyonnye solntsem),faucibus orci luctus et ultrices posuere cubilia curae mauris viverra diam vitae quam suspendisse,tincidunt eu felis fusce posuere felis sed lacus morbi sem mauris laoreet ut rhoncus aliquet pulvinar sed nisl nunc rhoncus dui vel sem sed sagittis nam congue risus semper porta volutpat quam pede lobortis ligula sit amet eleifend,5,Drama,http://dummyimage.com/223x100.png/5fa2dd/ffffff
288603925-X,Fahrenhype 9/11,nisi vulputate nonummy maecenas tincidunt lacus at velit vivamus vel nulla,fusce congue diam id ornare imperdiet sapien urna pretium nisl ut volutpat sapien arcu sed augue aliquam erat volutpat in congue etiam justo etiam pretium iaculis justo in hac habitasse platea dictumst etiam faucibus cursus,38,Documentary,http://dummyimage.com/212x100.png/5fa2dd/ffffff
815488623-5,"Rescuers Down Under, The",duis mattis egestas metus aenean fermentum donec ut mauris eget massa tempor convallis,eget tempus vel pede morbi porttitor lorem id ligula suspendisse ornare consequat lectus in est risus auctor sed tristique in tempus sit amet sem fusce consequat nulla nisl nunc nisl duis bibendum felis sed interdum venenatis turpis enim blandit mi,39,Adventure|Animation|Children,http://dummyimage.com/109x100.png/5fa2dd/ffffff
967840027-8,Seven Days in May,vel accumsan tellus nisi eu orci mauris lacinia sapien quis libero,non interdum in ante vestibulum ante ipsum primis in faucibus orci luctus et ultrices posuere cubilia curae duis faucibus accumsan odio curabitur convallis duis consequat dui nec nisi volutpat eleifend donec ut dolor morbi vel lectus in quam fringilla rhoncus mauris enim,2,Thriller,http://dummyimage.com/125x100.png/ff4444/ffffff
861956889-2,Movie Days (Bíódagar),cursus id turpis integer aliquet massa id lobortis convallis tortor risus,commodo vulputate justo in blandit ultrices enim lorem ipsum dolor sit amet consectetuer adipiscing elit proin interdum mauris non ligula pellentesque ultrices phasellus id sapien in sapien iaculis congue vivamus metus arcu adipiscing molestie hendrerit at vulputate vitae nisl aenean lectus pellentesque eget nunc donec quis orci eget orci,3,Comedy|Drama,http://dummyimage.com/243x100.png/5fa2dd/ffffff
405982047-4,That Certain Woman,ac nulla sed vel enim sit amet nunc viverra dapibus nulla suscipit,duis at velit eu est congue elementum in hac habitasse platea dictumst morbi vestibulum velit id pretium iaculis diam erat fermentum justo nec condimentum neque sapien placerat ante nulla justo aliquam quis turpis,47,Drama|Romance,http://dummyimage.com/153x100.png/cc0000/ffffff
464976174-3,Carcasses,primis in faucibus orci luctus et ultrices posuere cubilia curae mauris viverra diam vitae quam suspendisse potenti nullam porttitor lacus,semper porta volutpat quam pede lobortis ligula sit amet eleifend pede libero quis orci nullam molestie nibh in lectus pellentesque at nulla suspendisse potenti cras in purus eu magna vulputate luctus cum sociis natoque penatibus et magnis dis parturient montes nascetur ridiculus mus vivamus vestibulum sagittis,48,Documentary,http://dummyimage.com/128x100.png/dddddd/000000
464019537-0,That's Black Entertainment,erat volutpat in congue etiam justo etiam pretium iaculis justo in hac habitasse platea dictumst,habitasse platea dictumst maecenas ut massa quis augue luctus tincidunt nulla mollis molestie lorem quisque ut erat curabitur gravida nisi at nibh in hac habitasse platea dictumst aliquam augue quam sollicitudin vitae consectetuer eget rutrum at lorem integer tincidunt ante vel ipsum praesent blandit lacinia erat,6,Documentary,http://dummyimage.com/136x100.png/ff4444/ffffff
124702695-7,Stand Up Guys,curae mauris viverra diam vitae quam suspendisse potenti nullam porttitor lacus at turpis donec posuere metus vitae ipsum,non mauris morbi non lectus aliquam sit amet diam in magna bibendum imperdiet nullam orci pede venenatis non sodales sed tincidunt eu felis fusce posuere felis sed lacus morbi sem mauris laoreet ut rhoncus,39,Comedy|Crime,http://dummyimage.com/169x100.png/cc0000/ffffff
625868724-5,"Girl in the Red Velvet Swing, The",orci nullam molestie nibh in lectus pellentesque at nulla suspendisse potenti cras in,sed ante vivamus tortor duis mattis egestas metus aenean fermentum donec ut mauris eget massa tempor convallis nulla neque libero convallis eget eleifend luctus ultricies eu nibh quisque id justo sit amet sapien dignissim vestibulum vestibulum ante ipsum primis,23,Crime|Drama|Romance,http://dummyimage.com/238x100.png/dddddd/000000
497525689-4,Hippocrates,congue vivamus metus arcu adipiscing molestie hendrerit at vulputate vitae nisl aenean lectus pellentesque eget nunc donec quis,rhoncus dui vel sem sed sagittis nam congue risus semper porta volutpat quam pede lobortis ligula sit amet eleifend pede libero quis orci nullam molestie nibh in lectus pellentesque at nulla suspendisse potenti cras in purus eu,18,Comedy|Drama,http://dummyimage.com/191x100.png/cc0000/ffffff
429606132-1,In a Better World (Hævnen),eu magna vulputate luctus cum sociis natoque penatibus et magnis dis,nulla eget eros elementum pellentesque quisque porta volutpat erat quisque erat eros viverra eget congue eget semper rutrum nulla nunc purus phasellus in felis donec semper sapien a libero nam dui proin leo odio porttitor id consequat in consequat ut nulla sed accumsan felis ut,26,Drama,http://dummyimage.com/215x100.png/dddddd/000000
240614681-2,GhostWatcher,eu massa donec dapibus duis at velit eu est congue elementum in hac habitasse platea dictumst morbi,consequat in consequat ut nulla sed accumsan felis ut at dolor quis odio consequat varius integer ac leo pellentesque ultrices mattis odio donec vitae nisi nam ultrices libero non mattis pulvinar nulla pede,36,Horror|Mystery|Sci-Fi,http://dummyimage.com/105x100.png/dddddd/000000
737086007-8,Band of Outsiders (Bande à part),et magnis dis parturient montes nascetur ridiculus mus etiam vel augue vestibulum rutrum rutrum neque,erat vestibulum sed magna at nunc commodo placerat praesent blandit nam nulla integer pede justo lacinia eget tincidunt eget tempus vel pede morbi porttitor lorem id ligula suspendisse ornare consequat lectus in est risus auctor sed tristique in tempus sit amet sem fusce consequat nulla nisl nunc,21,Comedy|Crime|Drama|Romance,http://dummyimage.com/180x100.png/5fa2dd/ffffff
139783349-1,Piter FM,quam nec dui luctus rutrum nulla tellus in sagittis dui vel nisl duis ac nibh fusce lacus,quis tortor id nulla ultrices aliquet maecenas leo odio condimentum id luctus nec molestie sed justo pellentesque viverra pede ac diam cras pellentesque volutpat dui maecenas tristique est et tempus,50,Comedy|Drama|Romance,http://dummyimage.com/152x100.png/5fa2dd/ffffff
651909469-2,Tulsa,non sodales sed tincidunt eu felis fusce posuere felis sed lacus morbi sem mauris laoreet ut,nulla dapibus dolor vel est donec odio justo sollicitudin ut suscipit a feugiat et eros vestibulum ac est lacinia nisi venenatis tristique fusce congue diam id ornare imperdiet sapien urna pretium,18,Action|Drama|Romance,http://dummyimage.com/224x100.png/5fa2dd/ffffff
010847386-4,Where's Marlowe?,mattis pulvinar nulla pede ullamcorper augue a suscipit nulla elit,ultrices aliquet maecenas leo odio condimentum id luctus nec molestie sed justo pellentesque viverra pede ac diam cras pellentesque volutpat dui maecenas tristique est et tempus semper est quam pharetra magna ac consequat metus sapien ut nunc vestibulum ante,14,Comedy,http://dummyimage.com/193x100.png/dddddd/000000
269824505-0,Joe,sit amet lobortis sapien sapien non mi integer ac neque duis,pulvinar sed nisl nunc rhoncus dui vel sem sed sagittis nam congue risus semper porta volutpat quam pede lobortis ligula sit amet eleifend pede libero quis orci nullam molestie nibh in lectus pellentesque at nulla suspendisse potenti cras in purus eu magna vulputate luctus cum sociis natoque penatibus et,50,Drama,http://dummyimage.com/159x100.png/ff4444/ffffff
272180342-5,Pornography (Pornografia),curae mauris viverra diam vitae quam suspendisse potenti nullam porttitor lacus at turpis donec posuere metus,rutrum nulla nunc purus phasellus in felis donec semper sapien a libero nam dui proin leo odio porttitor id consequat in consequat ut nulla sed accumsan felis ut at dolor quis odio consequat varius integer ac leo pellentesque ultrices mattis odio donec vitae nisi nam ultrices libero non,48,Drama|Romance|War,http://dummyimage.com/228x100.png/dddddd/000000
556494396-1,Miss Granny,natoque penatibus et magnis dis parturient montes nascetur ridiculus mus etiam vel augue vestibulum rutrum,in hac habitasse platea dictumst aliquam augue quam sollicitudin vitae consectetuer eget rutrum at lorem integer tincidunt ante vel ipsum praesent blandit lacinia erat vestibulum sed magna at nunc commodo placerat praesent blandit,13,Comedy|Fantasy,http://dummyimage.com/232x100.png/ff4444/ffffff
861971403-1,When Animals Dream (Når dyrene drømmer),consequat ut nulla sed accumsan felis ut at dolor quis odio consequat varius integer ac leo pellentesque ultrices,feugiat et eros vestibulum ac est lacinia nisi venenatis tristique fusce congue diam id ornare imperdiet sapien urna pretium nisl ut volutpat sapien arcu sed augue aliquam erat volutpat in congue etiam justo etiam pretium iaculis justo in hac habitasse platea dictumst etiam faucibus cursus,49,Drama|Horror|Mystery,http://dummyimage.com/166x100.png/cc0000/ffffff
584896362-2,Rocket Gibraltar,mauris lacinia sapien quis libero nullam sit amet turpis elementum ligula vehicula,curae duis faucibus accumsan odio curabitur convallis duis consequat dui nec nisi volutpat eleifend donec ut dolor morbi vel lectus in quam fringilla rhoncus mauris enim leo rhoncus sed vestibulum sit amet cursus id turpis integer aliquet massa id lobortis convallis tortor risus dapibus augue vel accumsan tellus nisi eu,7,Drama,http://dummyimage.com/220x100.png/5fa2dd/ffffff
039993987-3,Moebius,donec ut dolor morbi vel lectus in quam fringilla rhoncus mauris enim leo rhoncus sed vestibulum sit amet cursus,amet erat nulla tempus vivamus in felis eu sapien cursus vestibulum proin eu mi nulla ac enim in tempor turpis nec euismod scelerisque quam turpis adipiscing lorem vitae mattis nibh ligula nec sem duis aliquam convallis nunc proin at turpis a pede,28,Drama,http://dummyimage.com/213x100.png/5fa2dd/ffffff
761780818-6,"Cremator, The (Spalovac mrtvol)",venenatis non sodales sed tincidunt eu felis fusce posuere felis sed lacus morbi sem,nunc vestibulum ante ipsum primis in faucibus orci luctus et ultrices posuere cubilia curae mauris viverra diam vitae quam suspendisse potenti nullam porttitor lacus at turpis donec posuere metus vitae ipsum aliquam non mauris,15,Comedy|Drama|Horror|Thriller,http://dummyimage.com/109x100.png/5fa2dd/ffffff
476875892-4,Divine Secrets of the Ya-Ya Sisterhood,morbi porttitor lorem id ligula suspendisse ornare consequat lectus in est risus auctor,vivamus vestibulum sagittis sapien cum sociis natoque penatibus et magnis dis parturient montes nascetur ridiculus mus etiam vel augue vestibulum rutrum rutrum neque aenean auctor gravida sem praesent id massa id nisl,45,Comedy|Drama,http://dummyimage.com/178x100.png/cc0000/ffffff
935257124-X,Crooklyn,eget vulputate ut ultrices vel augue vestibulum ante ipsum primis in faucibus orci,nunc vestibulum ante ipsum primis in faucibus orci luctus et ultrices posuere cubilia curae mauris viverra diam vitae quam suspendisse potenti nullam porttitor lacus at turpis donec posuere metus vitae ipsum aliquam non mauris morbi non lectus aliquam sit,29,Comedy|Drama,http://dummyimage.com/223x100.png/ff4444/ffffff
534641586-6,貞子3D,elementum pellentesque quisque porta volutpat erat quisque erat eros viverra eget congue eget semper rutrum nulla nunc purus,consequat in consequat ut nulla sed accumsan felis ut at dolor quis odio consequat varius integer ac leo pellentesque ultrices mattis odio donec vitae nisi nam ultrices libero non mattis pulvinar nulla pede ullamcorper augue a suscipit,7,Horror,http://dummyimage.com/247x100.png/ff4444/ffffff
853768493-7,Drifting Clouds (Kauas pilvet karkaavat),ut dolor morbi vel lectus in quam fringilla rhoncus mauris enim leo rhoncus sed vestibulum sit amet cursus id turpis,ultrices aliquet maecenas leo odio condimentum id luctus nec molestie sed justo pellentesque viverra pede ac diam cras pellentesque volutpat dui maecenas tristique est et tempus semper est quam pharetra magna ac consequat metus sapien ut nunc vestibulum ante ipsum primis in faucibus orci luctus et,47,Comedy|Drama,http://dummyimage.com/159x100.png/ff4444/ffffff
637765057-4,Once in a Lifetime: The Extraordinary Story of the New York Cosmos,ante ipsum primis in faucibus orci luctus et ultrices posuere cubilia curae mauris viverra diam vitae quam suspendisse potenti,augue vestibulum ante ipsum primis in faucibus orci luctus et ultrices posuere cubilia curae donec pharetra magna vestibulum aliquet ultrices erat tortor sollicitudin mi sit amet lobortis sapien sapien non mi,49,Documentary,http://dummyimage.com/223x100.png/5fa2dd/ffffff
080650492-7,Prince of the Sun: The Great Adventure of Horus (Taiyou no ouji Horusu no daibouken),massa quis augue luctus tincidunt nulla mollis molestie lorem quisque ut,eget congue eget semper rutrum nulla nunc purus phasellus in felis donec semper sapien a libero nam dui proin leo odio porttitor id consequat in consequat ut nulla sed accumsan felis ut at dolor quis odio consequat varius integer ac leo pellentesque,25,Animation|Fantasy,http://dummyimage.com/219x100.png/5fa2dd/ffffff
693145725-X,Summer Holiday,hac habitasse platea dictumst etiam faucibus cursus urna ut tellus nulla ut erat id mauris vulputate elementum nullam,eget rutrum at lorem integer tincidunt ante vel ipsum praesent blandit lacinia erat vestibulum sed magna at nunc commodo placerat praesent blandit nam nulla integer pede justo lacinia eget tincidunt eget tempus vel pede morbi porttitor lorem id ligula suspendisse ornare consequat lectus in est,30,Musical|Romance,http://dummyimage.com/107x100.png/5fa2dd/ffffff
795475376-X,Wild Wild West,nunc purus phasellus in felis donec semper sapien a libero nam,aliquam non mauris morbi non lectus aliquam sit amet diam in magna bibendum imperdiet nullam orci pede venenatis non sodales sed tincidunt eu felis fusce posuere felis sed lacus morbi sem mauris laoreet ut rhoncus aliquet pulvinar sed nisl nunc rhoncus dui vel sem sed sagittis nam,3,Action|Comedy|Sci-Fi|Western,http://dummyimage.com/204x100.png/dddddd/000000
318083905-8,Quiet City,est phasellus sit amet erat nulla tempus vivamus in felis eu sapien cursus vestibulum proin eu mi,ut at dolor quis odio consequat varius integer ac leo pellentesque ultrices mattis odio donec vitae nisi nam ultrices libero non mattis pulvinar nulla pede ullamcorper augue a suscipit nulla elit ac nulla sed,8,Drama,http://dummyimage.com/206x100.png/cc0000/ffffff
198530420-1,Rules of Engagement,nullam varius nulla facilisi cras non velit nec nisi vulputate nonummy maecenas tincidunt,integer tincidunt ante vel ipsum praesent blandit lacinia erat vestibulum sed magna at nunc commodo placerat praesent blandit nam nulla integer pede justo lacinia eget tincidunt eget tempus vel pede morbi porttitor lorem id ligula suspendisse ornare,17,Drama|Thriller,http://dummyimage.com/239x100.png/dddddd/000000
166290558-0,Hadewijch,bibendum morbi non quam nec dui luctus rutrum nulla tellus in sagittis dui vel nisl,ligula pellentesque ultrices phasellus id sapien in sapien iaculis congue vivamus metus arcu adipiscing molestie hendrerit at vulputate vitae nisl aenean lectus pellentesque eget nunc donec quis orci eget orci vehicula condimentum curabitur in libero ut,4,Drama,http://dummyimage.com/152x100.png/ff4444/ffffff
009120260-4,Yentl,aenean lectus pellentesque eget nunc donec quis orci eget orci vehicula condimentum curabitur in libero ut massa volutpat convallis,cursus urna ut tellus nulla ut erat id mauris vulputate elementum nullam varius nulla facilisi cras non velit nec nisi vulputate nonummy maecenas tincidunt lacus at velit vivamus vel nulla eget eros elementum pellentesque quisque porta volutpat erat quisque erat eros viverra eget congue eget,23,Drama|Musical|Romance,http://dummyimage.com/150x100.png/ff4444/ffffff
839538538-2,"Gunfight at Dodge City, The",suspendisse accumsan tortor quis turpis sed ante vivamus tortor duis mattis egestas metus aenean fermentum donec,condimentum curabitur in libero ut massa volutpat convallis morbi odio odio elementum eu interdum eu tincidunt in leo maecenas pulvinar lobortis est phasellus sit amet erat nulla tempus vivamus in felis eu sapien cursus vestibulum proin eu mi nulla ac enim in tempor turpis nec euismod scelerisque quam turpis adipiscing,26,Western,http://dummyimage.com/216x100.png/5fa2dd/ffffff
910870426-0,Chiedimi se sono felice,aliquet at feugiat non pretium quis lectus suspendisse potenti in eleifend quam a odio in,id massa id nisl venenatis lacinia aenean sit amet justo morbi ut odio cras mi pede malesuada in imperdiet et commodo vulputate justo in blandit ultrices enim lorem ipsum dolor sit amet consectetuer adipiscing elit,45,Comedy|Drama,http://dummyimage.com/180x100.png/5fa2dd/ffffff
174004381-2,Teenagers from Outer Space,metus aenean fermentum donec ut mauris eget massa tempor convallis nulla neque libero convallis eget eleifend,venenatis turpis enim blandit mi in porttitor pede justo eu massa donec dapibus duis at velit eu est congue elementum in hac habitasse platea dictumst morbi vestibulum velit id pretium iaculis diam erat fermentum justo nec condimentum neque sapien placerat ante nulla justo aliquam quis turpis eget elit sodales,39,Horror|Sci-Fi,http://dummyimage.com/126x100.png/dddddd/000000
640232632-1,Background to Danger,in leo maecenas pulvinar lobortis est phasellus sit amet erat nulla tempus,parturient montes nascetur ridiculus mus etiam vel augue vestibulum rutrum rutrum neque aenean auctor gravida sem praesent id massa id nisl venenatis lacinia aenean sit amet justo morbi ut odio cras mi pede malesuada in,21,Drama|Thriller|War,http://dummyimage.com/235x100.png/5fa2dd/ffffff
259821568-0,"Nightmare on Elm Street 5: The Dream Child, A",lectus aliquam sit amet diam in magna bibendum imperdiet nullam orci pede venenatis non sodales sed tincidunt eu,aliquet at feugiat non pretium quis lectus suspendisse potenti in eleifend quam a odio in hac habitasse platea dictumst maecenas ut massa quis augue luctus tincidunt nulla mollis molestie lorem quisque ut erat curabitur gravida nisi at nibh in hac habitasse platea dictumst aliquam augue quam sollicitudin vitae consectetuer eget,27,Horror,http://dummyimage.com/197x100.png/ff4444/ffffff
069582485-6,Black Mirror,nisi volutpat eleifend donec ut dolor morbi vel lectus in quam fringilla,lobortis ligula sit amet eleifend pede libero quis orci nullam molestie nibh in lectus pellentesque at nulla suspendisse potenti cras in purus eu magna vulputate luctus cum sociis natoque penatibus et magnis dis parturient montes nascetur ridiculus mus vivamus vestibulum sagittis sapien,3,Drama|Sci-Fi,http://dummyimage.com/135x100.png/dddddd/000000
571125568-1,"Lonely Villa, The",mauris morbi non lectus aliquam sit amet diam in magna bibendum imperdiet nullam orci,in sapien iaculis congue vivamus metus arcu adipiscing molestie hendrerit at vulputate vitae nisl aenean lectus pellentesque eget nunc donec quis orci eget orci vehicula condimentum curabitur in libero ut massa volutpat convallis morbi odio odio elementum,25,Crime|Drama,http://dummyimage.com/214x100.png/dddddd/000000
556534730-0,"Family Jewels, The (Eierdiebe)",eros elementum pellentesque quisque porta volutpat erat quisque erat eros,dui nec nisi volutpat eleifend donec ut dolor morbi vel lectus in quam fringilla rhoncus mauris enim leo rhoncus sed vestibulum sit amet cursus id turpis integer aliquet massa id lobortis convallis tortor risus dapibus,16,Comedy|Drama|Romance,http://dummyimage.com/218x100.png/dddddd/000000
929340166-5,"Woman of Paris, A",donec semper sapien a libero nam dui proin leo odio porttitor id consequat in consequat,platea dictumst morbi vestibulum velit id pretium iaculis diam erat fermentum justo nec condimentum neque sapien placerat ante nulla justo aliquam quis turpis eget elit sodales scelerisque mauris sit amet eros suspendisse accumsan tortor quis turpis sed ante vivamus tortor duis mattis egestas metus,1,Drama,http://dummyimage.com/199x100.png/cc0000/ffffff
863243264-8,Uncle Boonmee Who Can Recall His Past Lives (Loong Boonmee raleuk chat),libero rutrum ac lobortis vel dapibus at diam nam tristique tortor,turpis sed ante vivamus tortor duis mattis egestas metus aenean fermentum donec ut mauris eget massa tempor convallis nulla neque libero convallis eget eleifend luctus ultricies eu nibh quisque id justo sit amet sapien dignissim vestibulum vestibulum ante ipsum primis in faucibus orci luctus et ultrices posuere cubilia curae nulla,29,Drama|Fantasy,http://dummyimage.com/220x100.png/ff4444/ffffff
592407107-3,Urban Ghost Story,in faucibus orci luctus et ultrices posuere cubilia curae duis faucibus accumsan odio,iaculis justo in hac habitasse platea dictumst etiam faucibus cursus urna ut tellus nulla ut erat id mauris vulputate elementum nullam varius nulla facilisi cras non velit nec nisi vulputate nonummy maecenas tincidunt lacus at velit vivamus vel nulla eget eros elementum pellentesque quisque porta volutpat erat quisque erat,11,Drama,http://dummyimage.com/167x100.png/dddddd/000000
471177172-7,Stealing Time (a.k.a. Rennie's Landing),amet consectetuer adipiscing elit proin interdum mauris non ligula pellentesque ultrices phasellus id sapien,dui vel nisl duis ac nibh fusce lacus purus aliquet at feugiat non pretium quis lectus suspendisse potenti in eleifend quam a odio in hac habitasse platea dictumst maecenas ut massa quis augue luctus tincidunt,5,Drama,http://dummyimage.com/201x100.png/dddddd/000000
964788500-8,Alexandra (Aleksandra),penatibus et magnis dis parturient montes nascetur ridiculus mus vivamus,sodales scelerisque mauris sit amet eros suspendisse accumsan tortor quis turpis sed ante vivamus tortor duis mattis egestas metus aenean fermentum donec ut mauris eget massa tempor convallis nulla neque libero convallis eget eleifend luctus ultricies eu nibh quisque id justo sit,45,Drama|War,http://dummyimage.com/143x100.png/ff4444/ffffff
511442136-0,"Clown, The",sollicitudin mi sit amet lobortis sapien sapien non mi integer ac neque duis bibendum morbi non quam nec,sit amet lobortis sapien sapien non mi integer ac neque duis bibendum morbi non quam nec dui luctus rutrum nulla tellus in sagittis dui vel nisl duis ac nibh fusce lacus purus aliquet at feugiat non pretium quis,41,Comedy|Drama,http://dummyimage.com/241x100.png/cc0000/ffffff
425205909-7,Outside Ozona,nec euismod scelerisque quam turpis adipiscing lorem vitae mattis nibh ligula nec sem,pulvinar nulla pede ullamcorper augue a suscipit nulla elit ac nulla sed vel enim sit amet nunc viverra dapibus nulla suscipit ligula in lacus curabitur at ipsum ac tellus semper interdum mauris ullamcorper purus sit amet nulla quisque arcu libero rutrum ac lobortis vel dapibus at diam nam tristique,19,Comedy|Drama|Thriller,http://dummyimage.com/222x100.png/ff4444/ffffff
